0,1,2,3,4,5,6,7,8,9,10,11,12,13,14,15,16,17,18,19,20,21,22,23,24,25,26,27,28,29
HPLVIAQFMTWQXXGAEFST,HPLVIAQFMTWQXXGAEFST,,HPLVIAQFMTWQXXGAEFST,,HPLVIAQFMTWQXXGAEFST,,,,,,,HPLVIAQFMTWQXXGAEFST,HPLVIAQFMTWQXXGAEFST,1,,,,,,,,,,,,,,,
RHRPVFGDDYVJLZUJAHVL,RHRPVFGDDYVJLZUJAHVL,,RHRPVFGDDYVJLZUJAHVL,,RHRPVFGDDYVJLZUJAHVL,,,,,,,RHRPVFGDDYVJLZUJAHVL,RHRPVFGDDYVJLZUJAHVL,1,,,,,,,,,,,,,,,
FETGRDTYHNKDYVRSTTZH,FETGRDTYHNKDYVRSTTZH,,FETGRDTYHNKDYVRSTTZH,,FETGRDTYHNKDYVRSTTZH,,,,,,,FETGRDTYHNKDYVRSTTZH,FETGRDTYHNKDYVRSTTZH,1,,,,,,,,,,,,,,,
STYHVBPGUZXHZNTDLWIH,STYHVBPGUZXHZNTDLWIH,,STYHVBPGUZXHZNTDLWIH,,STYHVBPGUZXHZNTDLWIH,,,,,,,STYHVBPGUZXHZNTDLWIH,STYHVBPGUZXHZNTDLWIH,1,,,,,,,,,,,,,,,
AKEEJSSIIMEIXIAHFMAX,AKEEJSSIIMEIXIAHFMAX,,AKEEJSSIIMEIXIAHFMAX,,AKEEJSSIIMEIXIAHFMAX,,,,,,,AKEEJSSIIMEIXIAHFMAX,AKEEJSSIIMEIXIAHFMAX,1,,,,,,,,,,,,,,,
OFIYTVHSXOKEJYSBNXIU,OFIYTVHSXOKEJYSBNXIU,,OFIYTVHSXOKEJYSBNXIU,,OFIYTVHSXOKEJYSBNXIU,,,,,,,OFIYTVHSXOKEJYSBNXIU,OFIYTVHSXOKEJYSBNXIU,1,,,,,,,,,,,,,,,
FHSBANSVQIGROWTCSRYF,FHSBANSVQIGROWTCSRYF,,FHSBANSVQIGROWTCSRYF,,FHSBANSVQIGROWTCSRYF,,,,,,,FHSBANSVQIGROWTCSRYF,FHSBANSVQIGROWTCSRYF,1,,,,,,,,,,,,,,,
IDKVSRPWURFWNIOPTUOK,IDKVSRPWURFWNIOPTUOK,,IDKVSRPWURFWNIOPTUOK,,IDKVSRPWURFWNIOPTUOK,,,,,,,IDKVSRPWURFWNIOPTUOK,IDKVSRPWURFWNIOPTUOK,1,,,,,,,,,,,,,,,
GMTYWKYMYDEZWRJWIGMQ,GMTYWKYMYDEZWRJWIGMQ,,GMTYWKYMYDEZWRJWIGMQ,,GMTYWKYMYDEZWRJWIGMQ,,,,,,,GMTYWKYMYDEZWRJWIGMQ,GMTYWKYMYDEZWRJWIGMQ,1,,,,,,,,,,,,,,,
IMATQGKFIQNIAOPFXLLO,IMATQGKFIQNIAOPFXLLO,,IMATQGKFIQNIAOPFXLLO,,IMATQGKFIQNIAOPFXLLO,,,,,,,IMATQGKFIQNIAOPFXLLO,IMATQGKFIQNIAOPFXLLO,1,,,,,,,,,,,,,,,
DLOEKHUQKUIZHFPYSAGS,DLOEKHUQKUIZHFPYSAGS,,DLOEKHUQKUIZHFPYSAGS,,DLOEKHUQKUIZHFPYSAGS,,,,,,,DLOEKHUQKUIZHFPYSAGS,DLOEKHUQKUIZHFPYSAGS,1,,,,,,,,,,,,,,,
RTNTWJCZMFRSBOTHHEPQ,RTNTWJCZMFRSBOTHHEPQ,,RTNTWJCZMFRSBOTHHEPQ,,RTNTWJCZMFRSBOTHHEPQ,,,,,,,RTNTWJCZMFRSBOTHHEPQ,RTNTWJCZMFRSBOTHHEPQ,1,,,,,,,,,,,,,,,
EBQTNNWABKHQEXZCGENU,EBQTNNWABKHQEXZCGENU,,EBQTNNWABKHQEXZCGENU,,EBQTNNWABKHQEXZCGENU,,,,,,,EBQTNNWABKHQEXZCGENU,EBQTNNWABKHQEXZCGENU,1,,,,,,,,,,,,,,,
KTBBWDTZGXAAOSZGZGZL,KTBBWDTZGXAAOSZGZGZL,,KTBBWDTZGXAAOSZGZGZL,,KTBBWDTZGXAAOSZGZGZL,,,,,,,KTBBWDTZGXAAOSZGZGZL,KTBBWDTZGXAAOSZGZGZL,1,,,,,,,,,,,,,,,
SJXMWJYDHYKWHNEOGPVC,SJXMWJYDHYKWHNEOGPVC,,SJXMWJYDHYKWHNEOGPVC,,SJXMWJYDHYKWHNEOGPVC,,,,,,,SJXMWJYDHYKWHNEOGPVC,SJXMWJYDHYKWHNEOGPVC,1,,,,,,,,,,,,,,,
WRSLMJHUUZSBBWDZQMST,WRSLMJHUUZSBBWDZQMST,,WRSLMJHUUZSBBWDZQMST,,WRSLMJHUUZSBBWDZQMST,,,,,,,WRSLMJHUUZSBBWDZQMST,WRSLMJHUUZSBBWDZQMST,1,,,,,,,,,,,,,,,
YNDUUONZMQQEMNDNNOQK,YNDUUONZMQQEMNDNNOQK,,YNDUUONZMQQEMNDNNOQK,,YNDUUONZMQQEMNDNNOQK,,,,,,,YNDUUONZMQQEMNDNNOQK,YNDUUONZMQQEMNDNNOQK,1,,,,,,,,,,,,,,,
DADNHPJHQFVHWSKXOJIV,DADNHPJHQFVHWSKXOJIV,,DADNHPJHQFVHWSKXOJIV,,DADNHPJHQFVHWSKXOJIV,,,,,,,DADNHPJHQFVHWSKXOJIV,DADNHPJHQFVHWSKXOJIV,1,,,,,,,,,,,,,,,
LAVJEGFKXCJICKLISLFC,LAVJEGFKXCJICKLISLFC,,LAVJEGFKXCJICKLISLFC,,LAVJEGFKXCJICKLISLFC,,,,,,,LAVJEGFKXCJICKLISLFC,LAVJEGFKXCJICKLISLFC,1,,,,,,,,,,,,,,,
XEJYBGVLBWTLJSXKAOVN,XEJYBGVLBWTLJSXKAOVN,,XEJYBGVLBWTLJSXKAOVN,,XEJYBGVLBWTLJSXKAOVN,,,,,,,XEJYBGVLBWTLJSXKAOVN,XEJYBGVLBWTLJSXKAOVN,1,,,,,,,,,,,,,,,
KFYSYPFCGOIXZDACGCPY,KFYSYPFCGOIXZDACGCPY,,KFYSYPFCGOIXZDACGCPY,,KFYSYPFCGOIXZDACGCPY,,,,,,,KFYSYPFCGOIXZDACGCPY,KFYSYPFCGOIXZDACGCPY,1,,,,,,,,,,,,,,,
VDHLKSVCYMVYBHLRVAQV,VDHLKSVCYMVYBHLRVAQV,,VDHLKSVCYMVYBHLRVAQV,,VDHLKSVCYMVYBHLRVAQV,,,,,,,VDHLKSVCYMVYBHLRVAQV,VDHLKSVCYMVYBHLRVAQV,1,,,,,,,,,,,,,,,
SESPUCQPUHAXDARBLVWE,SESPUCQPUHAXDARBLVWE,,SESPUCQPUHAXDARBLVWE,,SESPUCQPUHAXDARBLVWE,,,,,,,SESPUCQPUHAXDARBLVWE,SESPUCQPUHAXDARBLVWE,1,,,,,,,,,,,,,,,
EOFWWBWXQLKBWZEHUAAY,EOFWWBWXQLKBWZEHUAAY,,EOFWWBWXQLKBWZEHUAAY,,EOFWWBWXQLKBWZEHUAAY,,,,,,,EOFWWBWXQLKBWZEHUAAY,EOFWWBWXQLKBWZEHUAAY,1,,,,,,,,,,,,,,,
QUMOVVQEPFYLXDMWZPWM,QUMOVVQEPFYLXDMWZPWM,,QUMOVVQEPFYLXDMWZPWM,,QUMOVVQEPFYLXDMWZPWM,,,,,,,QUMOVVQEPFYLXDMWZPWM,QUMOVVQEPFYLXDMWZPWM,1,,,,,,,,,,,,,,,
NITUDGIGZBIQMUGXBHPN,NITUDGIGZBIQMUGXBHPN,,NITUDGIGZBIQMUGXBHPN,,NITUDGIGZBIQMUGXBHPN,,,,,,,NITUDGIGZBIQMUGXBHPN,NITUDGIGZBIQMUGXBHPN,1,,,,,,,,,,,,,,,
OELJXNWQATEECGXJBTMP,OELJXNWQATEECGXJBTMP,,OELJXNWQATEECGXJBTMP,,OELJXNWQATEECGXJBTMP,,,,,,,OELJXNWQATEECGXJBTMP,OELJXNWQATEECGXJBTMP,1,,,,,,,,,,,,,,,
BJYCMMYPPRIWHAGKIYRA,BJYCMMYPPRIWHAGKIYRA,,BJYCMMYPPRIWHAGKIYRA,,BJYCMMYPPRIWHAGKIYRA,,,,,,,BJYCMMYPPRIWHAGKIYRA,BJYCMMYPPRIWHAGKIYRA,1,,,,,,,,,,,,,,,
RXVSVNWNUMURUOLDSMOH,RXVSVNWNUMURUOLDSMOH,,RXVSVNWNUMURUOLDSMOH,,RXVSVNWNUMURUOLDSMOH,,,,,,,RXVSVNWNUMURUOLDSMOH,RXVSVNWNUMURUOLDSMOH,1,,,,,,,,,,,,,,,
NLAPSRWUOAUCBPLPRXZZ,NLAPSRWUOAUCBPLPRXZZ,,NLAPSRWUOAUCBPLPRXZZ,,NLAPSRWUOAUCBPLPRXZZ,,,,,,,NLAPSRWUOAUCBPLPRXZZ,NLAPSRWUOAUCBPLPRXZZ,1,,,,,,,,,,,,,,,
ZPCWUZAPMVQWHZDRSIMW,ZPCWUZAPMVQWHZDRSIMW,,ZPCWUZAPMVQWHZDRSIMW,,ZPCWUZAPMVQWHZDRSIMW,,,,,,,ZPCWUZAPMVQWHZDRSIMW,ZPCWUZAPMVQWHZDRSIMW,1,,,,,,,,,,,,,,,
SWIQHXCYFGSELBOXJRUJ,SWIQHXCYFGSELBOXJRUJ,,SWIQHXCYFGSELBOXJRUJ,,SWIQHXCYFGSELBOXJRUJ,,,,,,,SWIQHXCYFGSELBOXJRUJ,SWIQHXCYFGSELBOXJRUJ,1,,,,,,,,,,,,,,,
LOMGOVBXGSOEUNIBMRYG,LOMGOVBXGSOEUNIBMRYG,,LOMGOVBXGSOEUNIBMRYG,,LOMGOVBXGSOEUNIBMRYG,,,,,,,LOMGOVBXGSOEUNIBMRYG,LOMGOVBXGSOEUNIBMRYG,1,,,,,,,,,,,,,,,
XJUBDHEBQNZCNZQRRDDA,XJUBDHEBQNZCNZQRRDDA,,XJUBDHEBQNZCNZQRRDDA,,XJUBDHEBQNZCNZQRRDDA,,,,,,,XJUBDHEBQNZCNZQRRDDA,XJUBDHEBQNZCNZQRRDDA,1,,,,,,,,,,,,,,,
JIEEYENVHTCNJBDCSKWT,JIEEYENVHTCNJBDCSKWT,,JIEEYENVHTCNJBDCSKWT,,JIEEYENVHTCNJBDCSKWT,,,,,,,JIEEYENVHTCNJBDCSKWT,JIEEYENVHTCNJBDCSKWT,1,,,,,,,,,,,,,,,
WBFVMXQNTFMEPLIUMZLG,WBFVMXQNTFMEPLIUMZLG,,WBFVMXQNTFMEPLIUMZLG,,WBFVMXQNTFMEPLIUMZLG,,,,,,,WBFVMXQNTFMEPLIUMZLG,WBFVMXQNTFMEPLIUMZLG,1,,,,,,,,,,,,,,,
BQIQYLPDVUIWFLTFJNVT,BQIQYLPDVUIWFLTFJNVT,,BQIQYLPDVUIWFLTFJNVT,,BQIQYLPDVUIWFLTFJNVT,,,,,,,BQIQYLPDVUIWFLTFJNVT,BQIQYLPDVUIWFLTFJNVT,1,,,,,,,,,,,,,,,
TXPPCZXNXRFSXDAZINAQ,TXPPCZXNXRFSXDAZINAQ,,TXPPCZXNXRFSXDAZINAQ,,TXPPCZXNXRFSXDAZINAQ,,,,,,,TXPPCZXNXRFSXDAZINAQ,TXPPCZXNXRFSXDAZINAQ,1,,,,,,,,,,,,,,,
LDDAPKKRIIWNGLZOGJFB,LDDAPKKRIIWNGLZOGJFB,,LDDAPKKRIIWNGLZOGJFB,,LDDAPKKRIIWNGLZOGJFB,,,,,,,LDDAPKKRIIWNGLZOGJFB,LDDAPKKRIIWNGLZOGJFB,1,,,,,,,,,,,,,,,
HYYKRSMCTKZZHNETYUGK,HYYKRSMCTKZZHNETYUGK,,HYYKRSMCTKZZHNETYUGK,,HYYKRSMCTKZZHNETYUGK,,,,,,,HYYKRSMCTKZZHNETYUGK,HYYKRSMCTKZZHNETYUGK,1,,,,,,,,,,,,,,,
WQEVYIWAJGFSIEUKULIU,WQEVYIWAJGFSIEUKULIU,,WQEVYIWAJGFSIEUKULIU,,WQEVYIWAJGFSIEUKULIU,,,,,,,WQEVYIWAJGFSIEUKULIU,WQEVYIWAJGFSIEUKULIU,1,,,,,,,,,,,,,,,
UGXJLYQQRSFMBXFUXFSM,UGXJLYQQRSFMBXFUXFSM,,UGXJLYQQRSFMBXFUXFSM,,UGXJLYQQRSFMBXFUXFSM,,,,,,,UGXJLYQQRSFMBXFUXFSM,UGXJLYQQRSFMBXFUXFSM,1,,,,,,,,,,,,,,,
HBXHFMSEVVKOZELLSNJF,HBXHFMSEVVKOZELLSNJF,,HBXHFMSEVVKOZELLSNJF,,HBXHFMSEVVKOZELLSNJF,,,,,,,HBXHFMSEVVKOZELLSNJF,HBXHFMSEVVKOZELLSNJF,1,,,,,,,,,,,,,,,
KQIFDWIGQHFJTKNPIPKO,KQIFDWIGQHFJTKNPIPKO,,KQIFDWIGQHFJTKNPIPKO,,KQIFDWIGQHFJTKNPIPKO,,,,,,,KQIFDWIGQHFJTKNPIPKO,KQIFDWIGQHFJTKNPIPKO,1,,,,,,,,,,,,,,,
AHFJVAWZZJGHTTGFWWEK,AHFJVAWZZJGHTTGFWWEK,,AHFJVAWZZJGHTTGFWWEK,,AHFJVAWZZJGHTTGFWWEK,,,,,,,AHFJVAWZZJGHTTGFWWEK,AHFJVAWZZJGHTTGFWWEK,1,,,,,,,,,,,,,,,
IELLZQLTPHROULYOCRKR,IELLZQLTPHROULYOCRKR,,IELLZQLTPHROULYOCRKR,,IELLZQLTPHROULYOCRKR,,,,,,,IELLZQLTPHROULYOCRKR,IELLZQLTPHROULYOCRKR,1,,,,,,,,,,,,,,,
HJLZYSWXWYYTCHREIRHD,HJLZYSWXWYYTCHREIRHD,,HJLZYSWXWYYTCHREIRHD,,HJLZYSWXWYYTCHREIRHD,,,,,,,HJLZYSWXWYYTCHREIRHD,HJLZYSWXWYYTCHREIRHD,1,,,,,,,,,,,,,,,
DIXFSSZRZULMRVVVUKIB,DIXFSSZRZULMRVVVUKIB,,DIXFSSZRZULMRVVVUKIB,,DIXFSSZRZULMRVVVUKIB,,,,,,,DIXFSSZRZULMRVVVUKIB,DIXFSSZRZULMRVVVUKIB,1,,,,,,,,,,,,,,,
XVBUZHNQBXEOPBAYBXKM,XVBUZHNQBXEOPBAYBXKM,,XVBUZHNQBXEOPBAYBXKM,,XVBUZHNQBXEOPBAYBXKM,,,,,,,XVBUZHNQBXEOPBAYBXKM,XVBUZHNQBXEOPBAYBXKM,1,,,,,,,,,,,,,,,
DDKVOKOWBZCYFSGZNSVG,DDKVOKOWBZCYFSGZNSVG,,DDKVOKOWBZCYFSGZNSVG,,DDKVOKOWBZCYFSGZNSVG,,,,,,,DDKVOKOWBZCYFSGZNSVG,DDKVOKOWBZCYFSGZNSVG,1,,,,,,,,,,,,,,,
NNOLIVHCQVPSJJCTVQDB,NNOLIVHCQVPSJJCTVQDB,,NNOLIVHCQVPSJJCTVQDB,,NNOLIVHCQVPSJJCTVQDB,,,,,,,NNOLIVHCQVPSJJCTVQDB,NNOLIVHCQVPSJJCTVQDB,1,,,,,,,,,,,,,,,
VIJUWWULBNPWZHTDHCGR,VIJUWWULBNPWZHTDHCGR,,VIJUWWULBNPWZHTDHCGR,,VIJUWWULBNPWZHTDHCGR,,,,,,,VIJUWWULBNPWZHTDHCGR,VIJUWWULBNPWZHTDHCGR,1,,,,,,,,,,,,,,,
KZMMYZJPZCRECSRJSTQO,KZMMYZJPZCRECSRJSTQO,,KZMMYZJPZCRECSRJSTQO,,KZMMYZJPZCRECSRJSTQO,,,,,,,KZMMYZJPZCRECSRJSTQO,KZMMYZJPZCRECSRJSTQO,1,,,,,,,,,,,,,,,
BLUJHUQVEWZWADNUIKMA,BLUJHUQVEWZWADNUIKMA,,BLUJHUQVEWZWADNUIKMA,,BLUJHUQVEWZWADNUIKMA,,,,,,,BLUJHUQVEWZWADNUIKMA,BLUJHUQVEWZWADNUIKMA,1,,,,,,,,,,,,,,,
GEHUEVGYDAXDAAAUCFUS,GEHUEVGYDAXDAAAUCFUS,,GEHUEVGYDAXDAAAUCFUS,,GEHUEVGYDAXDAAAUCFUS,,,,,,,GEHUEVGYDAXDAAAUCFUS,GEHUEVGYDAXDAAAUCFUS,1,,,,,,,,,,,,,,,
PVSJHIUUBSXZMYCNXORF,PVSJHIUUBSXZMYCNXORF,,PVSJHIUUBSXZMYCNXORF,,PVSJHIUUBSXZMYCNXORF,,,,,,,PVSJHIUUBSXZMYCNXORF,PVSJHIUUBSXZMYCNXORF,1,,,,,,,,,,,,,,,
EHCYIOSJRPTWVUMKYPGD,EHCYIOSJRPTWVUMKYPGD,,EHCYIOSJRPTWVUMKYPGD,,EHCYIOSJRPTWVUMKYPGD,,,,,,,EHCYIOSJRPTWVUMKYPGD,EHCYIOSJRPTWVUMKYPGD,1,,,,,,,,,,,,,,,
WRNIACNCVZFDLTTDJYZM,WRNIACNCVZFDLTTDJYZM,,WRNIACNCVZFDLTTDJYZM,,WRNIACNCVZFDLTTDJYZM,,,,,,,WRNIACNCVZFDLTTDJYZM,WRNIACNCVZFDLTTDJYZM,1,,,,,,,,,,,,,,,
XKXZATVHIBBFZZWMJVBQ,XKXZATVHIBBFZZWMJVBQ,,XKXZATVHIBBFZZWMJVBQ,,XKXZATVHIBBFZZWMJVBQ,,,,,,,XKXZATVHIBBFZZWMJVBQ,XKXZATVHIBBFZZWMJVBQ,1,,,,,,,,,,,,,,,
LHPGHYOHBSEMBEZHDVDS,LHPGHYOHBSEMBEZHDVDS,,LHPGHYOHBSEMBEZHDVDS,,LHPGHYOHBSEMBEZHDVDS,,,,,,,LHPGHYOHBSEMBEZHDVDS,LHPGHYOHBSEMBEZHDVDS,1,,,,,,,,,,,,,,,
MCGRZGIQYRTORBVDBZUJ,MCGRZGIQYRTORBVDBZUJ,,MCGRZGIQYRTORBVDBZUJ,,MCGRZGIQYRTORBVDBZUJ,,,,,,,MCGRZGIQYRTORBVDBZUJ,MCGRZGIQYRTORBVDBZUJ,1,,,,,,,,,,,,,,,
OIXQGBKYYLEDMWYQODQY,OIXQGBKYYLEDMWYQODQY,,OIXQGBKYYLEDMWYQODQY,,OIXQGBKYYLEDMWYQODQY,,,,,,,OIXQGBKYYLEDMWYQODQY,OIXQGBKYYLEDMWYQODQY,1,,,,,,,,,,,,,,,
UXQOMLZDGTEHPNGEFIZP,UXQOMLZDGTEHPNGEFIZP,,UXQOMLZDGTEHPNGEFIZP,,UXQOMLZDGTEHPNGEFIZP,,,,,,,UXQOMLZDGTEHPNGEFIZP,UXQOMLZDGTEHPNGEFIZP,1,,,,,,,,,,,,,,,
IZHEVOTJIJCOJPDHXLNQ,IZHEVOTJIJCOJPDHXLNQ,,IZHEVOTJIJCOJPDHXLNQ,,IZHEVOTJIJCOJPDHXLNQ,,,,,,,IZHEVOTJIJCOJPDHXLNQ,IZHEVOTJIJCOJPDHXLNQ,1,,,,,,,,,,,,,,,
IWFLIKFGJQFFHGHXPUVM,IWFLIKFGJQFFHGHXPUVM,,IWFLIKFGJQFFHGHXPUVM,,IWFLIKFGJQFFHGHXPUVM,,,,,,,IWFLIKFGJQFFHGHXPUVM,IWFLIKFGJQFFHGHXPUVM,1,,,,,,,,,,,,,,,
ZCYMKVWHGORFNALLYHGG,ZCYMKVWHGORFNALLYHGG,,ZCYMKVWHGORFNALLYHGG,,ZCYMKVWHGORFNALLYHGG,,,,,,,ZCYMKVWHGORFNALLYHGG,ZCYMKVWHGORFNALLYHGG,1,,,,,,,,,,,,,,,
WLJIQJCHGDZVCGPXZSUB,WLJIQJCHGDZVCGPXZSUB,,WLJIQJCHGDZVCGPXZSUB,,WLJIQJCHGDZVCGPXZSUB,,,,,,,WLJIQJCHGDZVCGPXZSUB,WLJIQJCHGDZVCGPXZSUB,1,,,,,,,,,,,,,,,
SGIQCOBMEGZBYULCRRFV,SGIQCOBMEGZBYULCRRFV,,SGIQCOBMEGZBYULCRRFV,,SGIQCOBMEGZBYULCRRFV,,,,,,,SGIQCOBMEGZBYULCRRFV,SGIQCOBMEGZBYULCRRFV,1,,,,,,,,,,,,,,,
UTRVISPSXYVEYMOKZFIC,UTRVISPSXYVEYMOKZFIC,,UTRVISPSXYVEYMOKZFIC,,UTRVISPSXYVEYMOKZFIC,,,,,,,UTRVISPSXYVEYMOKZFIC,UTRVISPSXYVEYMOKZFIC,1,,,,,,,,,,,,,,,
ZXWDXPEFHZGSSRGUJMVD,ZXWDXPEFHZGSSRGUJMVD,,ZXWDXPEFHZGSSRGUJMVD,,ZXWDXPEFHZGSSRGUJMVD,,,,,,,ZXWDXPEFHZGSSRGUJMVD,ZXWDXPEFHZGSSRGUJMVD,1,,,,,,,,,,,,,,,
WMCMGXVORMZKHFKLVCUX,WMCMGXVORMZKHFKLVCUX,,WMCMGXVORMZKHFKLVCUX,,WMCMGXVORMZKHFKLVCUX,,,,,,,WMCMGXVORMZKHFKLVCUX,WMCMGXVORMZKHFKLVCUX,1,,,,,,,,,,,,,,,
BKFEGEXDBODFPWNJXJAJ,BKFEGEXDBODFPWNJXJAJ,,BKFEGEXDBODFPWNJXJAJ,,BKFEGEXDBODFPWNJXJAJ,,,,,,,BKFEGEXDBODFPWNJXJAJ,BKFEGEXDBODFPWNJXJAJ,1,,,,,,,,,,,,,,,
BWKAZXWYUUKSDDPMUYVB,BWKAZXWYUUKSDDPMUYVB,,BWKAZXWYUUKSDDPMUYVB,,BWKAZXWYUUKSDDPMUYVB,,,,,,,BWKAZXWYUUKSDDPMUYVB,BWKAZXWYUUKSDDPMUYVB,1,,,,,,,,,,,,,,,
XMKSDZNKXNRXNSINOKTA,XMKSDZNKXNRXNSINOKTA,,XMKSDZNKXNRXNSINOKTA,,XMKSDZNKXNRXNSINOKTA,,,,,,,XMKSDZNKXNRXNSINOKTA,XMKSDZNKXNRXNSINOKTA,1,,,,,,,,,,,,,,,
KFSBWVUVAODEONYZCBEN,KFSBWVUVAODEONYZCBEN,,KFSBWVUVAODEONYZCBEN,,KFSBWVUVAODEONYZCBEN,,,,,,,KFSBWVUVAODEONYZCBEN,KFSBWVUVAODEONYZCBEN,1,,,,,,,,,,,,,,,
UAIOZFICXTVMNSSPNHAH,UAIOZFICXTVMNSSPNHAH,,UAIOZFICXTVMNSSPNHAH,,UAIOZFICXTVMNSSPNHAH,,,,,,,UAIOZFICXTVMNSSPNHAH,UAIOZFICXTVMNSSPNHAH,1,,,,,,,,,,,,,,,
OFOVVFSLZVHWOIYNTYPN,OFOVVFSLZVHWOIYNTYPN,,OFOVVFSLZVHWOIYNTYPN,,OFOVVFSLZVHWOIYNTYPN,,,,,,,OFOVVFSLZVHWOIYNTYPN,OFOVVFSLZVHWOIYNTYPN,1,,,,,,,,,,,,,,,
FJKXIZIBFRUZNWCHABLQ,FJKXIZIBFRUZNWCHABLQ,,FJKXIZIBFRUZNWCHABLQ,,FJKXIZIBFRUZNWCHABLQ,,,,,,,FJKXIZIBFRUZNWCHABLQ,FJKXIZIBFRUZNWCHABLQ,1,,,,,,,,,,,,,,,
LGTDEGTGDPGOCSKYGHBC,LGTDEGTGDPGOCSKYGHBC,,LGTDEGTGDPGOCSKYGHBC,,LGTDEGTGDPGOCSKYGHBC,,,,,,,LGTDEGTGDPGOCSKYGHBC,LGTDEGTGDPGOCSKYGHBC,1,,,,,,,,,,,,,,,
QSRBHNUXMHUEMLVEQTVO,QSRBHNUXMHUEMLVEQTVO,,QSRBHNUXMHUEMLVEQTVO,,QSRBHNUXMHUEMLVEQTVO,,,,,,,QSRBHNUXMHUEMLVEQTVO,QSRBHNUXMHUEMLVEQTVO,1,,,,,,,,,,,,,,,
JOWWKHXGDFUXTCORYYWV,JOWWKHXGDFUXTCORYYWV,,JOWWKHXGDFUXTCORYYWV,,JOWWKHXGDFUXTCORYYWV,,,,,,,JOWWKHXGDFUXTCORYYWV,JOWWKHXGDFUXTCORYYWV,1,,,,,,,,,,,,,,,
LNHSFWEISGBWPJWXLFFM,LNHSFWEISGBWPJWXLFFM,,LNHSFWEISGBWPJWXLFFM,,LNHSFWEISGBWPJWXLFFM,,,,,,,LNHSFWEISGBWPJWXLFFM,LNHSFWEISGBWPJWXLFFM,1,,,,,,,,,,,,,,,
MNTMWUMZASOQOBKGOBFB,MNTMWUMZASOQOBKGOBFB,,MNTMWUMZASOQOBKGOBFB,,MNTMWUMZASOQOBKGOBFB,,,,,,,MNTMWUMZASOQOBKGOBFB,MNTMWUMZASOQOBKGOBFB,1,,,,,,,,,,,,,,,
UDAUYWMJRCJQUKJGNFOU,UDAUYWMJRCJQUKJGNFOU,,UDAUYWMJRCJQUKJGNFOU,,UDAUYWMJRCJQUKJGNFOU,,,,,,,UDAUYWMJRCJQUKJGNFOU,UDAUYWMJRCJQUKJGNFOU,1,,,,,,,,,,,,,,,
JAUSKPMTPRJOHXNAIPEK,JAUSKPMTPRJOHXNAIPEK,,JAUSKPMTPRJOHXNAIPEK,,JAUSKPMTPRJOHXNAIPEK,,,,,,,JAUSKPMTPRJOHXNAIPEK,JAUSKPMTPRJOHXNAIPEK,1,,,,,,,,,,,,,,,
SXPTIWHGGNYQVKDFJWOJ,SXPTIWHGGNYQVKDFJWOJ,,SXPTIWHGGNYQVKDFJWOJ,,SXPTIWHGGNYQVKDFJWOJ,,,,,,,SXPTIWHGGNYQVKDFJWOJ,SXPTIWHGGNYQVKDFJWOJ,1,,,,,,,,,,,,,,,
GNDOQIBUNREDIUYEPNWV,GNDOQIBUNREDIUYEPNWV,,GNDOQIBUNREDIUYEPNWV,,GNDOQIBUNREDIUYEPNWV,,,,,,,GNDOQIBUNREDIUYEPNWV,GNDOQIBUNREDIUYEPNWV,1,,,,,,,,,,,,,,,
LYNVUOQUBXGLOFHDWGQB,LYNVUOQUBXGLOFHDWGQB,,LYNVUOQUBXGLOFHDWGQB,,LYNVUOQUBXGLOFHDWGQB,,,,,,,LYNVUOQUBXGLOFHDWGQB,LYNVUOQUBXGLOFHDWGQB,1,,,,,,,,,,,,,,,
AUZIXPBRODWIBEAWMMIQ,AUZIXPBRODWIBEAWMMIQ,,AUZIXPBRODWIBEAWMMIQ,,AUZIXPBRODWIBEAWMMIQ,,,,,,,AUZIXPBRODWIBEAWMMIQ,AUZIXPBRODWIBEAWMMIQ,1,,,,,,,,,,,,,,,
EONAQKMVJIJCERWADFRX,EONAQKMVJIJCERWADFRX,,EONAQKMVJIJCERWADFRX,,EONAQKMVJIJCERWADFRX,,,,,,,EONAQKMVJIJCERWADFRX,EONAQKMVJIJCERWADFRX,1,,,,,,,,,,,,,,,
KYLFUHXDQTGRMHCVOBMM,KYLFUHXDQTGRMHCVOBMM,,KYLFUHXDQTGRMHCVOBMM,,KYLFUHXDQTGRMHCVOBMM,,,,,,,KYLFUHXDQTGRMHCVOBMM,KYLFUHXDQTGRMHCVOBMM,1,,,,,,,,,,,,,,,
HNJNMRPTMGYCAOTGEBDB,HNJNMRPTMGYCAOTGEBDB,,HNJNMRPTMGYCAOTGEBDB,,HNJNMRPTMGYCAOTGEBDB,,,,,,,HNJNMRPTMGYCAOTGEBDB,HNJNMRPTMGYCAOTGEBDB,1,,,,,,,,,,,,,,,
WZXKHMAMCOBZZSCMTIUJ,WZXKHMAMCOBZZSCMTIUJ,,WZXKHMAMCOBZZSCMTIUJ,,WZXKHMAMCOBZZSCMTIUJ,,,,,,,WZXKHMAMCOBZZSCMTIUJ,WZXKHMAMCOBZZSCMTIUJ,1,,,,,,,,,,,,,,,
WGKYPBUVNXNMSQIENILX,WGKYPBUVNXNMSQIENILX,,WGKYPBUVNXNMSQIENILX,,WGKYPBUVNXNMSQIENILX,,,,,,,WGKYPBUVNXNMSQIENILX,WGKYPBUVNXNMSQIENILX,1,,,,,,,,,,,,,,,
FSTDUZOJMFIPWNKLFVXV,FSTDUZOJMFIPWNKLFVXV,,FSTDUZOJMFIPWNKLFVXV,,FSTDUZOJMFIPWNKLFVXV,,,,,,,FSTDUZOJMFIPWNKLFVXV,FSTDUZOJMFIPWNKLFVXV,1,,,,,,,,,,,,,,,
EOJACNALJSGBKXMIROHX,EOJACNALJSGBKXMIROHX,,EOJACNALJSGBKXMIROHX,,EOJACNALJSGBKXMIROHX,,,,,,,EOJACNALJSGBKXMIROHX,EOJACNALJSGBKXMIROHX,1,,,,,,,,,,,,,,,
BYCQFBOYFIBFSIEWCKDJ,BYCQFBOYFIBFSIEWCKDJ,,BYCQFBOYFIBFSIEWCKDJ,,BYCQFBOYFIBFSIEWCKDJ,,,,,,,BYCQFBOYFIBFSIEWCKDJ,BYCQFBOYFIBFSIEWCKDJ,1,,,,,,,,,,,,,,,
UBJMQNDWLDFTABLPTINS,UBJMQNDWLDFTABLPTINS,,UBJMQNDWLDFTABLPTINS,,UBJMQNDWLDFTABLPTINS,,,,,,,UBJMQNDWLDFTABLPTINS,UBJMQNDWLDFTABLPTINS,1,,,,,,,,,,,,,,,
NPQSWNXAKYWPDFZOOIUS,NPQSWNXAKYWPDFZOOIUS,,NPQSWNXAKYWPDFZOOIUS,,NPQSWNXAKYWPDFZOOIUS,,,,,,,NPQSWNXAKYWPDFZOOIUS,NPQSWNXAKYWPDFZOOIUS,1,,,,,,,,,,,,,,,
XKJAZZLXFYLXBVYHRSDI,XKJAZZLXFYLXBVYHRSDI,,XKJAZZLXFYLXBVYHRSDI,,XKJAZZLXFYLXBVYHRSDI,,,,,,,XKJAZZLXFYLXBVYHRSDI,XKJAZZLXFYLXBVYHRSDI,1,,,,,,,,,,,,,,,
