0,1,2,3,4,5,6
HPLVIAQFMTWQXXGAEFST,HPLVIAQFMTWQXXGAEFST,HPLVIAQFMTWQXXGAEFST,HPLVIAQFMTWQXXGAEFST,HPLVIAQFMTWQXXGAEFST,10,12/30/18 10:15:30
RHRPVFGDDYVJLZUJAHVL,RHRPVFGDDYVJLZUJAHVL,RHRPVFGDDYVJLZUJAHVL,RHRPVFGDDYVJLZUJAHVL,RHRPVFGDDYVJLZUJAHVL,10,12/30/18 10:15:30
FETGRDTYHNKDYVRSTTZH,FETGRDTYHNKDYVRSTTZH,FETGRDTYHNKDYVRSTTZH,FETGRDTYHNKDYVRSTTZH,FETGRDTYHNKDYVRSTTZH,10,12/30/18 10:15:30
STYHVBPGUZXHZNTDLWIH,STYHVBPGUZXHZNTDLWIH,STYHVBPGUZXHZNTDLWIH,STYHVBPGUZXHZNTDLWIH,STYHVBPGUZXHZNTDLWIH,10,12/30/18 10:15:30
AKEEJSSIIMEIXIAHFMAX,AKEEJSSIIMEIXIAHFMAX,AKEEJSSIIMEIXIAHFMAX,AKEEJSSIIMEIXIAHFMAX,AKEEJSSIIMEIXIAHFMAX,10,12/30/18 10:15:30
OFIYTVHSXOKEJYSBNXIU,OFIYTVHSXOKEJYSBNXIU,OFIYTVHSXOKEJYSBNXIU,OFIYTVHSXOKEJYSBNXIU,OFIYTVHSXOKEJYSBNXIU,10,12/30/18 10:15:30
FHSBANSVQIGROWTCSRYF,FHSBANSVQIGROWTCSRYF,FHSBANSVQIGROWTCSRYF,FHSBANSVQIGROWTCSRYF,FHSBANSVQIGROWTCSRYF,10,12/30/18 10:15:30
IDKVSRPWURFWNIOPTUOK,IDKVSRPWURFWNIOPTUOK,IDKVSRPWURFWNIOPTUOK,IDKVSRPWURFWNIOPTUOK,IDKVSRPWURFWNIOPTUOK,10,12/30/18 10:15:30
GMTYWKYMYDEZWRJWIGMQ,GMTYWKYMYDEZWRJWIGMQ,GMTYWKYMYDEZWRJWIGMQ,GMTYWKYMYDEZWRJWIGMQ,GMTYWKYMYDEZWRJWIGMQ,10,12/30/18 10:15:30
IMATQGKFIQNIAOPFXLLO,IMATQGKFIQNIAOPFXLLO,IMATQGKFIQNIAOPFXLLO,IMATQGKFIQNIAOPFXLLO,IMATQGKFIQNIAOPFXLLO,10,12/30/18 10:15:30
DLOEKHUQKUIZHFPYSAGS,DLOEKHUQKUIZHFPYSAGS,DLOEKHUQKUIZHFPYSAGS,DLOEKHUQKUIZHFPYSAGS,DLOEKHUQKUIZHFPYSAGS,10,12/30/18 10:15:30
RTNTWJCZMFRSBOTHHEPQ,RTNTWJCZMFRSBOTHHEPQ,RTNTWJCZMFRSBOTHHEPQ,RTNTWJCZMFRSBOTHHEPQ,RTNTWJCZMFRSBOTHHEPQ,10,12/30/18 10:15:30
EBQTNNWABKHQEXZCGENU,EBQTNNWABKHQEXZCGENU,EBQTNNWABKHQEXZCGENU,EBQTNNWABKHQEXZCGENU,EBQTNNWABKHQEXZCGENU,10,12/30/18 10:15:30
KTBBWDTZGXAAOSZGZGZL,KTBBWDTZGXAAOSZGZGZL,KTBBWDTZGXAAOSZGZGZL,KTBBWDTZGXAAOSZGZGZL,KTBBWDTZGXAAOSZGZGZL,10,12/30/18 10:15:30
SJXMWJYDHYKWHNEOGPVC,SJXMWJYDHYKWHNEOGPVC,SJXMWJYDHYKWHNEOGPVC,SJXMWJYDHYKWHNEOGPVC,SJXMWJYDHYKWHNEOGPVC,10,12/30/18 10:15:30
WRSLMJHUUZSBBWDZQMST,WRSLMJHUUZSBBWDZQMST,WRSLMJHUUZSBBWDZQMST,WRSLMJHUUZSBBWDZQMST,WRSLMJHUUZSBBWDZQMST,10,12/30/18 10:15:30
YNDUUONZMQQEMNDNNOQK,YNDUUONZMQQEMNDNNOQK,YNDUUONZMQQEMNDNNOQK,YNDUUONZMQQEMNDNNOQK,YNDUUONZMQQEMNDNNOQK,10,12/30/18 10:15:30
DADNHPJHQFVHWSKXOJIV,DADNHPJHQFVHWSKXOJIV,DADNHPJHQFVHWSKXOJIV,DADNHPJHQFVHWSKXOJIV,DADNHPJHQFVHWSKXOJIV,10,12/30/18 10:15:30
LAVJEGFKXCJICKLISLFC,LAVJEGFKXCJICKLISLFC,LAVJEGFKXCJICKLISLFC,LAVJEGFKXCJICKLISLFC,LAVJEGFKXCJICKLISLFC,10,12/30/18 10:15:30
XEJYBGVLBWTLJSXKAOVN,XEJYBGVLBWTLJSXKAOVN,XEJYBGVLBWTLJSXKAOVN,XEJYBGVLBWTLJSXKAOVN,XEJYBGVLBWTLJSXKAOVN,10,12/30/18 10:15:30
KFYSYPFCGOIXZDACGCPY,KFYSYPFCGOIXZDACGCPY,KFYSYPFCGOIXZDACGCPY,KFYSYPFCGOIXZDACGCPY,KFYSYPFCGOIXZDACGCPY,10,12/30/18 10:15:30
VDHLKSVCYMVYBHLRVAQV,VDHLKSVCYMVYBHLRVAQV,VDHLKSVCYMVYBHLRVAQV,VDHLKSVCYMVYBHLRVAQV,VDHLKSVCYMVYBHLRVAQV,10,12/30/18 10:15:30
SESPUCQPUHAXDARBLVWE,SESPUCQPUHAXDARBLVWE,SESPUCQPUHAXDARBLVWE,SESPUCQPUHAXDARBLVWE,SESPUCQPUHAXDARBLVWE,10,12/30/18 10:15:30
EOFWWBWXQLKBWZEHUAAY,EOFWWBWXQLKBWZEHUAAY,EOFWWBWXQLKBWZEHUAAY,EOFWWBWXQLKBWZEHUAAY,EOFWWBWXQLKBWZEHUAAY,10,12/30/18 10:15:30
QUMOVVQEPFYLXDMWZPWM,QUMOVVQEPFYLXDMWZPWM,QUMOVVQEPFYLXDMWZPWM,QUMOVVQEPFYLXDMWZPWM,QUMOVVQEPFYLXDMWZPWM,10,12/30/18 10:15:30
NITUDGIGZBIQMUGXBHPN,NITUDGIGZBIQMUGXBHPN,NITUDGIGZBIQMUGXBHPN,NITUDGIGZBIQMUGXBHPN,NITUDGIGZBIQMUGXBHPN,10,12/30/18 10:15:30
OELJXNWQATEECGXJBTMP,OELJXNWQATEECGXJBTMP,OELJXNWQATEECGXJBTMP,OELJXNWQATEECGXJBTMP,OELJXNWQATEECGXJBTMP,10,12/30/18 10:15:30
BJYCMMYPPRIWHAGKIYRA,BJYCMMYPPRIWHAGKIYRA,BJYCMMYPPRIWHAGKIYRA,BJYCMMYPPRIWHAGKIYRA,BJYCMMYPPRIWHAGKIYRA,10,12/30/18 10:15:30
RXVSVNWNUMURUOLDSMOH,RXVSVNWNUMURUOLDSMOH,RXVSVNWNUMURUOLDSMOH,RXVSVNWNUMURUOLDSMOH,RXVSVNWNUMURUOLDSMOH,10,12/30/18 10:15:30
NLAPSRWUOAUCBPLPRXZZ,NLAPSRWUOAUCBPLPRXZZ,NLAPSRWUOAUCBPLPRXZZ,NLAPSRWUOAUCBPLPRXZZ,NLAPSRWUOAUCBPLPRXZZ,10,12/30/18 10:15:30
ZPCWUZAPMVQWHZDRSIMW,ZPCWUZAPMVQWHZDRSIMW,ZPCWUZAPMVQWHZDRSIMW,ZPCWUZAPMVQWHZDRSIMW,ZPCWUZAPMVQWHZDRSIMW,10,12/30/18 10:15:30
SWIQHXCYFGSELBOXJRUJ,SWIQHXCYFGSELBOXJRUJ,SWIQHXCYFGSELBOXJRUJ,SWIQHXCYFGSELBOXJRUJ,SWIQHXCYFGSELBOXJRUJ,10,12/30/18 10:15:30
LOMGOVBXGSOEUNIBMRYG,LOMGOVBXGSOEUNIBMRYG,LOMGOVBXGSOEUNIBMRYG,LOMGOVBXGSOEUNIBMRYG,LOMGOVBXGSOEUNIBMRYG,10,12/30/18 10:15:30
XJUBDHEBQNZCNZQRRDDA,XJUBDHEBQNZCNZQRRDDA,XJUBDHEBQNZCNZQRRDDA,XJUBDHEBQNZCNZQRRDDA,XJUBDHEBQNZCNZQRRDDA,10,12/30/18 10:15:30
JIEEYENVHTCNJBDCSKWT,JIEEYENVHTCNJBDCSKWT,JIEEYENVHTCNJBDCSKWT,JIEEYENVHTCNJBDCSKWT,JIEEYENVHTCNJBDCSKWT,10,12/30/18 10:15:30
WBFVMXQNTFMEPLIUMZLG,WBFVMXQNTFMEPLIUMZLG,WBFVMXQNTFMEPLIUMZLG,WBFVMXQNTFMEPLIUMZLG,WBFVMXQNTFMEPLIUMZLG,10,12/30/18 10:15:30
BQIQYLPDVUIWFLTFJNVT,BQIQYLPDVUIWFLTFJNVT,BQIQYLPDVUIWFLTFJNVT,BQIQYLPDVUIWFLTFJNVT,BQIQYLPDVUIWFLTFJNVT,10,12/30/18 10:15:30
TXPPCZXNXRFSXDAZINAQ,TXPPCZXNXRFSXDAZINAQ,TXPPCZXNXRFSXDAZINAQ,TXPPCZXNXRFSXDAZINAQ,TXPPCZXNXRFSXDAZINAQ,10,12/30/18 10:15:30
LDDAPKKRIIWNGLZOGJFB,LDDAPKKRIIWNGLZOGJFB,LDDAPKKRIIWNGLZOGJFB,LDDAPKKRIIWNGLZOGJFB,LDDAPKKRIIWNGLZOGJFB,10,12/30/18 10:15:30
HYYKRSMCTKZZHNETYUGK,HYYKRSMCTKZZHNETYUGK,HYYKRSMCTKZZHNETYUGK,HYYKRSMCTKZZHNETYUGK,HYYKRSMCTKZZHNETYUGK,10,12/30/18 10:15:30
WQEVYIWAJGFSIEUKULIU,WQEVYIWAJGFSIEUKULIU,WQEVYIWAJGFSIEUKULIU,WQEVYIWAJGFSIEUKULIU,WQEVYIWAJGFSIEUKULIU,10,12/30/18 10:15:30
UGXJLYQQRSFMBXFUXFSM,UGXJLYQQRSFMBXFUXFSM,UGXJLYQQRSFMBXFUXFSM,UGXJLYQQRSFMBXFUXFSM,UGXJLYQQRSFMBXFUXFSM,10,12/30/18 10:15:30
HBXHFMSEVVKOZELLSNJF,HBXHFMSEVVKOZELLSNJF,HBXHFMSEVVKOZELLSNJF,HBXHFMSEVVKOZELLSNJF,HBXHFMSEVVKOZELLSNJF,10,12/30/18 10:15:30
KQIFDWIGQHFJTKNPIPKO,KQIFDWIGQHFJTKNPIPKO,KQIFDWIGQHFJTKNPIPKO,KQIFDWIGQHFJTKNPIPKO,KQIFDWIGQHFJTKNPIPKO,10,12/30/18 10:15:30
AHFJVAWZZJGHTTGFWWEK,AHFJVAWZZJGHTTGFWWEK,AHFJVAWZZJGHTTGFWWEK,AHFJVAWZZJGHTTGFWWEK,AHFJVAWZZJGHTTGFWWEK,10,12/30/18 10:15:30
IELLZQLTPHROULYOCRKR,IELLZQLTPHROULYOCRKR,IELLZQLTPHROULYOCRKR,IELLZQLTPHROULYOCRKR,IELLZQLTPHROULYOCRKR,10,12/30/18 10:15:30
HJLZYSWXWYYTCHREIRHD,HJLZYSWXWYYTCHREIRHD,HJLZYSWXWYYTCHREIRHD,HJLZYSWXWYYTCHREIRHD,HJLZYSWXWYYTCHREIRHD,10,12/30/18 10:15:30
DIXFSSZRZULMRVVVUKIB,DIXFSSZRZULMRVVVUKIB,DIXFSSZRZULMRVVVUKIB,DIXFSSZRZULMRVVVUKIB,DIXFSSZRZULMRVVVUKIB,10,12/30/18 10:15:30
XVBUZHNQBXEOPBAYBXKM,XVBUZHNQBXEOPBAYBXKM,XVBUZHNQBXEOPBAYBXKM,XVBUZHNQBXEOPBAYBXKM,XVBUZHNQBXEOPBAYBXKM,10,12/30/18 10:15:30
DDKVOKOWBZCYFSGZNSVG,DDKVOKOWBZCYFSGZNSVG,DDKVOKOWBZCYFSGZNSVG,DDKVOKOWBZCYFSGZNSVG,DDKVOKOWBZCYFSGZNSVG,10,12/30/18 10:15:30
NNOLIVHCQVPSJJCTVQDB,NNOLIVHCQVPSJJCTVQDB,NNOLIVHCQVPSJJCTVQDB,NNOLIVHCQVPSJJCTVQDB,NNOLIVHCQVPSJJCTVQDB,10,12/30/18 10:15:30
VIJUWWULBNPWZHTDHCGR,VIJUWWULBNPWZHTDHCGR,VIJUWWULBNPWZHTDHCGR,VIJUWWULBNPWZHTDHCGR,VIJUWWULBNPWZHTDHCGR,10,12/30/18 10:15:30
KZMMYZJPZCRECSRJSTQO,KZMMYZJPZCRECSRJSTQO,KZMMYZJPZCRECSRJSTQO,KZMMYZJPZCRECSRJSTQO,KZMMYZJPZCRECSRJSTQO,10,12/30/18 10:15:30
BLUJHUQVEWZWADNUIKMA,BLUJHUQVEWZWADNUIKMA,BLUJHUQVEWZWADNUIKMA,BLUJHUQVEWZWADNUIKMA,BLUJHUQVEWZWADNUIKMA,10,12/30/18 10:15:30
GEHUEVGYDAXDAAAUCFUS,GEHUEVGYDAXDAAAUCFUS,GEHUEVGYDAXDAAAUCFUS,GEHUEVGYDAXDAAAUCFUS,GEHUEVGYDAXDAAAUCFUS,10,12/30/18 10:15:30
PVSJHIUUBSXZMYCNXORF,PVSJHIUUBSXZMYCNXORF,PVSJHIUUBSXZMYCNXORF,PVSJHIUUBSXZMYCNXORF,PVSJHIUUBSXZMYCNXORF,10,12/30/18 10:15:30
EHCYIOSJRPTWVUMKYPGD,EHCYIOSJRPTWVUMKYPGD,EHCYIOSJRPTWVUMKYPGD,EHCYIOSJRPTWVUMKYPGD,EHCYIOSJRPTWVUMKYPGD,10,12/30/18 10:15:30
WRNIACNCVZFDLTTDJYZM,WRNIACNCVZFDLTTDJYZM,WRNIACNCVZFDLTTDJYZM,WRNIACNCVZFDLTTDJYZM,WRNIACNCVZFDLTTDJYZM,10,12/30/18 10:15:30
XKXZATVHIBBFZZWMJVBQ,XKXZATVHIBBFZZWMJVBQ,XKXZATVHIBBFZZWMJVBQ,XKXZATVHIBBFZZWMJVBQ,XKXZATVHIBBFZZWMJVBQ,10,12/30/18 10:15:30
LHPGHYOHBSEMBEZHDVDS,LHPGHYOHBSEMBEZHDVDS,LHPGHYOHBSEMBEZHDVDS,LHPGHYOHBSEMBEZHDVDS,LHPGHYOHBSEMBEZHDVDS,10,12/30/18 10:15:30
MCGRZGIQYRTORBVDBZUJ,MCGRZGIQYRTORBVDBZUJ,MCGRZGIQYRTORBVDBZUJ,MCGRZGIQYRTORBVDBZUJ,MCGRZGIQYRTORBVDBZUJ,10,12/30/18 10:15:30
OIXQGBKYYLEDMWYQODQY,OIXQGBKYYLEDMWYQODQY,OIXQGBKYYLEDMWYQODQY,OIXQGBKYYLEDMWYQODQY,OIXQGBKYYLEDMWYQODQY,10,12/30/18 10:15:30
UXQOMLZDGTEHPNGEFIZP,UXQOMLZDGTEHPNGEFIZP,UXQOMLZDGTEHPNGEFIZP,UXQOMLZDGTEHPNGEFIZP,UXQOMLZDGTEHPNGEFIZP,10,12/30/18 10:15:30
IZHEVOTJIJCOJPDHXLNQ,IZHEVOTJIJCOJPDHXLNQ,IZHEVOTJIJCOJPDHXLNQ,IZHEVOTJIJCOJPDHXLNQ,IZHEVOTJIJCOJPDHXLNQ,10,12/30/18 10:15:30
IWFLIKFGJQFFHGHXPUVM,IWFLIKFGJQFFHGHXPUVM,IWFLIKFGJQFFHGHXPUVM,IWFLIKFGJQFFHGHXPUVM,IWFLIKFGJQFFHGHXPUVM,10,12/30/18 10:15:30
ZCYMKVWHGORFNALLYHGG,ZCYMKVWHGORFNALLYHGG,ZCYMKVWHGORFNALLYHGG,ZCYMKVWHGORFNALLYHGG,ZCYMKVWHGORFNALLYHGG,10,12/30/18 10:15:30
WLJIQJCHGDZVCGPXZSUB,WLJIQJCHGDZVCGPXZSUB,WLJIQJCHGDZVCGPXZSUB,WLJIQJCHGDZVCGPXZSUB,WLJIQJCHGDZVCGPXZSUB,10,12/30/18 10:15:30
SGIQCOBMEGZBYULCRRFV,SGIQCOBMEGZBYULCRRFV,SGIQCOBMEGZBYULCRRFV,SGIQCOBMEGZBYULCRRFV,SGIQCOBMEGZBYULCRRFV,10,12/30/18 10:15:30
UTRVISPSXYVEYMOKZFIC,UTRVISPSXYVEYMOKZFIC,UTRVISPSXYVEYMOKZFIC,UTRVISPSXYVEYMOKZFIC,UTRVISPSXYVEYMOKZFIC,10,12/30/18 10:15:30
ZXWDXPEFHZGSSRGUJMVD,ZXWDXPEFHZGSSRGUJMVD,ZXWDXPEFHZGSSRGUJMVD,ZXWDXPEFHZGSSRGUJMVD,ZXWDXPEFHZGSSRGUJMVD,10,12/30/18 10:15:30
WMCMGXVORMZKHFKLVCUX,WMCMGXVORMZKHFKLVCUX,WMCMGXVORMZKHFKLVCUX,WMCMGXVORMZKHFKLVCUX,WMCMGXVORMZKHFKLVCUX,10,12/30/18 10:15:30
BKFEGEXDBODFPWNJXJAJ,BKFEGEXDBODFPWNJXJAJ,BKFEGEXDBODFPWNJXJAJ,BKFEGEXDBODFPWNJXJAJ,BKFEGEXDBODFPWNJXJAJ,10,12/30/18 10:15:30
BWKAZXWYUUKSDDPMUYVB,BWKAZXWYUUKSDDPMUYVB,BWKAZXWYUUKSDDPMUYVB,BWKAZXWYUUKSDDPMUYVB,BWKAZXWYUUKSDDPMUYVB,10,12/30/18 10:15:30
XMKSDZNKXNRXNSINOKTA,XMKSDZNKXNRXNSINOKTA,XMKSDZNKXNRXNSINOKTA,XMKSDZNKXNRXNSINOKTA,XMKSDZNKXNRXNSINOKTA,10,12/30/18 10:15:30
KFSBWVUVAODEONYZCBEN,KFSBWVUVAODEONYZCBEN,KFSBWVUVAODEONYZCBEN,KFSBWVUVAODEONYZCBEN,KFSBWVUVAODEONYZCBEN,10,12/30/18 10:15:30
UAIOZFICXTVMNSSPNHAH,UAIOZFICXTVMNSSPNHAH,UAIOZFICXTVMNSSPNHAH,UAIOZFICXTVMNSSPNHAH,UAIOZFICXTVMNSSPNHAH,10,12/30/18 10:15:30
OFOVVFSLZVHWOIYNTYPN,OFOVVFSLZVHWOIYNTYPN,OFOVVFSLZVHWOIYNTYPN,OFOVVFSLZVHWOIYNTYPN,OFOVVFSLZVHWOIYNTYPN,10,12/30/18 10:15:30
FJKXIZIBFRUZNWCHABLQ,FJKXIZIBFRUZNWCHABLQ,FJKXIZIBFRUZNWCHABLQ,FJKXIZIBFRUZNWCHABLQ,FJKXIZIBFRUZNWCHABLQ,10,12/30/18 10:15:30
LGTDEGTGDPGOCSKYGHBC,LGTDEGTGDPGOCSKYGHBC,LGTDEGTGDPGOCSKYGHBC,LGTDEGTGDPGOCSKYGHBC,LGTDEGTGDPGOCSKYGHBC,10,12/30/18 10:15:30
QSRBHNUXMHUEMLVEQTVO,QSRBHNUXMHUEMLVEQTVO,QSRBHNUXMHUEMLVEQTVO,QSRBHNUXMHUEMLVEQTVO,QSRBHNUXMHUEMLVEQTVO,10,12/30/18 10:15:30
JOWWKHXGDFUXTCORYYWV,JOWWKHXGDFUXTCORYYWV,JOWWKHXGDFUXTCORYYWV,JOWWKHXGDFUXTCORYYWV,JOWWKHXGDFUXTCORYYWV,10,12/30/18 10:15:30
LNHSFWEISGBWPJWXLFFM,LNHSFWEISGBWPJWXLFFM,LNHSFWEISGBWPJWXLFFM,LNHSFWEISGBWPJWXLFFM,LNHSFWEISGBWPJWXLFFM,10,12/30/18 10:15:30
MNTMWUMZASOQOBKGOBFB,MNTMWUMZASOQOBKGOBFB,MNTMWUMZASOQOBKGOBFB,MNTMWUMZASOQOBKGOBFB,MNTMWUMZASOQOBKGOBFB,10,12/30/18 10:15:30
UDAUYWMJRCJQUKJGNFOU,UDAUYWMJRCJQUKJGNFOU,UDAUYWMJRCJQUKJGNFOU,UDAUYWMJRCJQUKJGNFOU,UDAUYWMJRCJQUKJGNFOU,10,12/30/18 10:15:30
JAUSKPMTPRJOHXNAIPEK,JAUSKPMTPRJOHXNAIPEK,JAUSKPMTPRJOHXNAIPEK,JAUSKPMTPRJOHXNAIPEK,JAUSKPMTPRJOHXNAIPEK,10,12/30/18 10:15:30
SXPTIWHGGNYQVKDFJWOJ,SXPTIWHGGNYQVKDFJWOJ,SXPTIWHGGNYQVKDFJWOJ,SXPTIWHGGNYQVKDFJWOJ,SXPTIWHGGNYQVKDFJWOJ,10,12/30/18 10:15:30
GNDOQIBUNREDIUYEPNWV,GNDOQIBUNREDIUYEPNWV,GNDOQIBUNREDIUYEPNWV,GNDOQIBUNREDIUYEPNWV,GNDOQIBUNREDIUYEPNWV,10,12/30/18 10:15:30
LYNVUOQUBXGLOFHDWGQB,LYNVUOQUBXGLOFHDWGQB,LYNVUOQUBXGLOFHDWGQB,LYNVUOQUBXGLOFHDWGQB,LYNVUOQUBXGLOFHDWGQB,10,12/30/18 10:15:30
AUZIXPBRODWIBEAWMMIQ,AUZIXPBRODWIBEAWMMIQ,AUZIXPBRODWIBEAWMMIQ,AUZIXPBRODWIBEAWMMIQ,AUZIXPBRODWIBEAWMMIQ,10,12/30/18 10:15:30
EONAQKMVJIJCERWADFRX,EONAQKMVJIJCERWADFRX,EONAQKMVJIJCERWADFRX,EONAQKMVJIJCERWADFRX,EONAQKMVJIJCERWADFRX,10,12/30/18 10:15:30
KYLFUHXDQTGRMHCVOBMM,KYLFUHXDQTGRMHCVOBMM,KYLFUHXDQTGRMHCVOBMM,KYLFUHXDQTGRMHCVOBMM,KYLFUHXDQTGRMHCVOBMM,10,12/30/18 10:15:30
HNJNMRPTMGYCAOTGEBDB,HNJNMRPTMGYCAOTGEBDB,HNJNMRPTMGYCAOTGEBDB,HNJNMRPTMGYCAOTGEBDB,HNJNMRPTMGYCAOTGEBDB,10,12/30/18 10:15:30
WZXKHMAMCOBZZSCMTIUJ,WZXKHMAMCOBZZSCMTIUJ,WZXKHMAMCOBZZSCMTIUJ,WZXKHMAMCOBZZSCMTIUJ,WZXKHMAMCOBZZSCMTIUJ,10,12/30/18 10:15:30
WGKYPBUVNXNMSQIENILX,WGKYPBUVNXNMSQIENILX,WGKYPBUVNXNMSQIENILX,WGKYPBUVNXNMSQIENILX,WGKYPBUVNXNMSQIENILX,10,12/30/18 10:15:30
FSTDUZOJMFIPWNKLFVXV,FSTDUZOJMFIPWNKLFVXV,FSTDUZOJMFIPWNKLFVXV,FSTDUZOJMFIPWNKLFVXV,FSTDUZOJMFIPWNKLFVXV,10,12/30/18 10:15:30
EOJACNALJSGBKXMIROHX,EOJACNALJSGBKXMIROHX,EOJACNALJSGBKXMIROHX,EOJACNALJSGBKXMIROHX,EOJACNALJSGBKXMIROHX,10,12/30/18 10:15:30
BYCQFBOYFIBFSIEWCKDJ,BYCQFBOYFIBFSIEWCKDJ,BYCQFBOYFIBFSIEWCKDJ,BYCQFBOYFIBFSIEWCKDJ,BYCQFBOYFIBFSIEWCKDJ,10,12/30/18 10:15:30
UBJMQNDWLDFTABLPTINS,UBJMQNDWLDFTABLPTINS,UBJMQNDWLDFTABLPTINS,UBJMQNDWLDFTABLPTINS,UBJMQNDWLDFTABLPTINS,10,12/30/18 10:15:30
NPQSWNXAKYWPDFZOOIUS,NPQSWNXAKYWPDFZOOIUS,NPQSWNXAKYWPDFZOOIUS,NPQSWNXAKYWPDFZOOIUS,NPQSWNXAKYWPDFZOOIUS,10,12/30/18 10:15:30
XKJAZZLXFYLXBVYHRSDI,XKJAZZLXFYLXBVYHRSDI,XKJAZZLXFYLXBVYHRSDI,XKJAZZLXFYLXBVYHRSDI,XKJAZZLXFYLXBVYHRSDI,10,12/30/18 10:15:30
